venue,is_t20,is_odi,v_pp_runs,v_pp_wkts,v_pp_rr,v_mo_runs,v_mo_wkts,v_mo_rr,v_do_runs,v_do_wkts,v_do_rr,v_boundary_pct,v_dot_pct
AMI Stadium,0,1,39.0,1.0,5.85,38.0,1.0,4.0,315.0,3.0,8.873239436619718,0.5102040816326531,0.43548387096774194
AMI Stadium,1,0,56.0,3.0,9.333333333333334,56.0,4.0,6.0,50.0,1.0,9.677419354838708,0.4691358024691358,0.43089430894308944
Adelaide Oval,0,0,20.8,0.6,3.3377685377685373,25.6,1.0,2.7995959595959596,312.6,7.2,3.6121507814987597,0.43499206786156297,0.7266650795754418
Adelaide Oval,0,1,22.0,0.6666666666666666,3.5415678836731472,36.166666666666664,1.3333333333333333,3.937698412698413,203.83333333333334,6.0,5.739310957157307,0.36372540331336806,0.4970861504806208
Adelaide Oval,1,0,43.0,1.3333333333333333,6.754054054054055,76.33333333333333,1.3333333333333333,8.266883116883117,60.666666666666664,2.3333333333333335,11.512096774193546,0.5045445868757618,0.3495627680686256
Andhra Cricket Association-Visakhapatnam District Cricket Association Stadium,0,1,26.0,0.0,4.105263157894737,32.0,4.0,3.4909090909090907,201.0,3.0,5.97029702970297,0.416988416988417,0.5457627118644067
Arbab Niaz Stadium,0,1,26.0,1.5,3.769369369369369,47.0,0.5,4.7593220338983055,213.0,7.5,5.970585677638159,0.5120951619352259,0.5898236201732536
Arun Jaitley Stadium,0,0,13.0,1.0,2.1081081081081083,32.0,1.0,3.5555555555555554,186.0,8.0,2.277551020408163,0.4675324675324675,0.8209982788296041
Arun Jaitley Stadium,0,1,45.5,0.5,7.583333333333334,44.5,1.0,4.9050505050505055,197.5,7.0,5.576335370714855,0.4391622985827994,0.48514851485148514
Arun Jaitley Stadium,1,0,46.2,1.4,7.572562035719931,68.6,2.2666666666666666,7.435863721965417,53.266666666666666,2.0,10.45459936173883,0.4940199904299425,0.3749102461007478
"Arun Jaitley Stadium, Delhi",0,0,17.0,0.0,2.7905405405405403,28.5,0.0,3.166666666666667,345.0,7.5,3.661443522404125,0.5553826504396846,0.7153256464886995
"Arun Jaitley Stadium, Delhi",0,1,19.0,1.0,3.166666666666667,23.0,2.0,2.4642857142857144,57.0,7.0,4.5600000000000005,0.48484848484848486,0.6766467065868264
"Arun Jaitley Stadium, Delhi",1,0,60.08,1.28,9.576248830839331,83.16,2.24,8.83406959928557,59.2,2.36,11.076937797453928,0.54683999497912,0.3624890812066466
Bangabandhu National Stadium,0,0,20.0,1.0,3.3333333333333335,25.0,3.0,2.727272727272727,139.0,6.0,3.2325581395348832,0.5434782608695652,0.7707736389684814
Bangabandhu National Stadium,0,1,20.0,0.0,3.3333333333333335,87.0,1.0,9.321428571428571,241.0,4.0,6.725581395348838,0.4942528735632184,0.44299674267100975
Barabati Stadium,0,1,31.666666666666668,0.8333333333333334,5.002535227535227,45.333333333333336,0.8333333333333334,4.980242905242905,219.5,4.833333333333333,6.243166452747764,0.47414591509841003,0.5017858796012492
Barabati Stadium,1,0,42.666666666666664,1.7777777777777777,6.847107633949739,69.66666666666667,1.8888888888888888,7.637626124407733,48.333333333333336,2.4444444444444446,9.516578817907092,0.4741470020408797,0.37094137864645355
"Barabati Stadium, Cuttack",0,1,36.0,0.5,5.743954480796586,45.5,0.5,5.001010101010101,193.5,8.5,5.4478783202909735,0.42035729567821994,0.48558312548378774
"Barabati Stadium, Cuttack",1,0,41.0,1.5,6.738738738738739,71.5,3.5,7.3965517241379315,49.0,1.0,9.483870967741936,0.4925868725868726,0.4263174603174603
Barsapara Cricket Stadium,0,1,26.0,1.0,4.333333333333333,59.0,1.0,6.321428571428571,237.0,6.0,6.6139534883720925,0.484472049689441,0.495114006514658
Barsapara Cricket Stadium,1,0,38.0,4.0,6.333333333333334,47.0,3.0,5.035714285714286,33.0,3.0,6.0,0.3728813559322034,0.512
"Barsapara Cricket Stadium, Guwahati",0,0,12.0,0.0,2.0,35.0,0.0,3.888888888888889,442.0,10.0,3.226277372262774,0.47443762781186094,0.7291666666666666
"Barsapara Cricket Stadium, Guwahati",0,1,42.0,0.0,7.0,60.0,0.0,6.545454545454545,271.0,7.0,7.598130841121495,0.4932975871313673,0.38688524590163936
"Barsapara Cricket Stadium, Guwahati",1,0,54.75,1.0,8.777729090550014,76.5,3.0,8.242511320097528,54.375,2.375,10.01649005643313,0.5506802432343334,0.38248732054365747
Basin Reserve,0,0,20.0,1.0,3.3333333333333335,15.0,0.0,1.6666666666666667,130.0,9.0,2.4299065420560746,0.46060606060606063,0.8004866180048662
Bay Oval,0,1,28.666666666666668,0.6666666666666666,4.687134502923977,45.666666666666664,1.0,5.01058201058201,213.33333333333334,5.333333333333333,5.95714960550944,0.4239795350906462,0.4849625263953525
Bay Oval,1,0,53.0,1.0,8.594594594594595,64.0,1.0,7.111111111111111,46.0,2.0,8.903225806451612,0.44171779141104295,0.3770491803278688
"Bay Oval, Mount Maunganui",1,0,42.0,1.0,6.300000000000001,77.0,2.0,8.555555555555555,72.0,3.0,13.935483870967744,0.5654450261780105,0.416
"Beausejour Stadium, Gros Islet",0,1,43.0,1.0,6.972972972972972,46.0,1.0,5.111111111111111,97.0,5.0,7.864864864864865,0.4731182795698925,0.46060606060606063
"Beausejour Stadium, Gros Islet",1,0,44.0,1.5,6.985446985446986,74.5,0.5,7.918495297805643,56.0,3.0,10.726814516129032,0.4543835345339402,0.3414803149606299
Bellerive Oval,0,1,21.666666666666668,0.6666666666666666,3.4551920341394027,38.0,1.0,4.195959595959596,176.0,5.0,5.027307065506087,0.31397543331900873,0.5579392541330258
"Bellerive Oval, Hobart",1,0,43.0,2.0,7.166666666666666,87.0,3.0,9.666666666666668,56.0,1.0,11.2,0.6021505376344086,0.35833333333333334
Bharat Ratna Shri Atal Bihari Vajpayee Ekana Cricket Stadium,1,0,49.0,0.0,7.3500000000000005,80.0,1.0,8.421052631578947,66.0,1.0,12.375,0.4717948717948718,0.31007751937984496
"Bharat Ratna Shri Atal Bihari Vajpayee Ekana Cricket Stadium, Lucknow",0,1,23.5,0.5,3.916666666666667,36.5,2.0,3.863984674329502,179.0,4.0,5.919860937778571,0.41844232826502514,0.5619204777620619
"Bharat Ratna Shri Atal Bihari Vajpayee Ekana Cricket Stadium, Lucknow",1,0,49.26086956521739,1.3043478260869565,8.000356808137129,73.04347826086956,2.4347826086956523,7.813715804010866,52.95652173913044,2.5652173913043477,9.77230688964663,0.45692536539208484,0.36122416350384645
"Boland Bank Park, Paarl",0,1,9.0,0.0,1.5,49.0,2.0,5.25,146.0,8.0,4.1913875598086126,0.27450980392156865,0.5813953488372093
"Boland Park, Paarl",0,1,35.666666666666664,0.6666666666666666,5.519568151147098,33.666666666666664,1.0,3.691582491582492,223.66666666666666,4.333333333333333,6.155125079946803,0.3733245440562514,0.480752054305109
Brabourne Stadium,0,0,31.0,0.0,4.894736842105263,42.0,0.0,4.666666666666667,320.0,10.0,3.983402489626556,0.539440203562341,0.6759581881533101
Brabourne Stadium,0,1,34.0,0.0,5.513513513513514,59.0,1.0,6.210526315789474,284.0,4.0,7.962616822429906,0.5305039787798409,0.4155844155844156
Brabourne Stadium,1,0,52.36363636363637,0.7272727272727273,8.217060867060868,69.36363636363636,2.3636363636363638,7.572975137568438,57.36363636363637,2.6363636363636362,10.930202926278483,0.49386956912018626,0.36859061313494057
"Brabourne Stadium, Mumbai",1,0,56.35294117647059,1.411764705882353,9.016413603410507,74.11764705882354,2.4705882352941178,7.995381242214698,46.94117647058823,2.5294117647058822,8.99629781703953,0.534255680646313,0.41740548863073385
"Brian Lara Stadium, Tarouba, Trinidad",0,1,37.0,0.0,6.166666666666666,73.0,0.0,7.821428571428571,241.0,5.0,6.694444444444445,0.47863247863247865,0.4837662337662338
"Brian Lara Stadium, Tarouba, Trinidad",1,0,49.5,2.0,8.14864864864865,69.5,2.5,7.287561576354681,50.5,1.5,8.963636363636363,0.4673966796185094,0.3922551673228346
Brisbane Cricket Ground,0,0,15.0,1.0,2.3684210526315788,24.0,1.0,2.6666666666666665,330.0,8.0,3.2619439868204285,0.46612466124661245,0.7625178826895566
Brisbane Cricket Ground,0,1,26.5,0.0,4.250355618776672,51.5,1.5,5.549282296650718,201.0,3.5,5.620109546165884,0.2995923121723937,0.4367930594647017
"Brisbane Cricket Ground, Woolloongabba",0,0,17.0,0.0,2.833333333333333,45.0,1.0,5.0,346.0,9.0,3.635726795096322,0.49019607843137253,0.7140695915279879
"Brisbane Cricket Ground, Woolloongabba",0,1,22.8,0.4,3.6776671408250357,46.6,0.4,5.027995206300291,189.8,6.8,5.457482455877193,0.3089081128451049,0.5125209494199993
"Brisbane Cricket Ground, Woolloongabba",1,0,38.0,1.0,6.333333333333334,97.0,2.0,9.864406779661017,23.0,1.0,11.5,0.43037974683544306,0.38317757009345793
Buffalo Park,1,0,41.0,1.6666666666666667,6.304170369638919,56.333333333333336,1.6666666666666667,6.089314194577352,50.0,3.0,9.471774193548386,0.3983720256482752,0.4221401656885528
Captain Roop Singh Stadium,0,1,28.5,1.0,4.75,46.5,0.0,5.105050505050505,253.0,3.5,7.114691943127962,0.4368881717275439,0.4354982302998719
"Captain Roop Singh Stadium, Gwalior",0,1,19.0,1.0,3.0810810810810807,55.0,0.0,6.0,209.0,4.0,5.85981308411215,0.42402826855123676,0.5065359477124183
Carrara Oval,1,0,49.0,0.0,8.166666666666668,76.0,3.0,7.862068965517241,42.0,5.0,7.875,0.40718562874251496,0.38095238095238093
Central Broward Regional Park Stadium Turf Ground,1,0,54.333333333333336,1.6666666666666667,8.553058321479375,77.33333333333333,1.3333333333333333,8.263374344953291,37.333333333333336,3.6666666666666665,7.134115347018572,0.46111343371259633,0.4470486216104707
"Central Broward Regional Park Stadium Turf Ground, Lauderhill",1,0,56.0,1.75,8.832816839395786,74.0,2.5,7.933424077434967,50.5,3.0,9.196941844919786,0.4817336412514727,0.3477208591159623
"City Oval, Pietermaritzburg",0,1,31.0,0.0,4.769230769230769,46.0,1.0,4.928571428571429,234.0,1.0,6.530232558139535,0.42443729903536975,0.4774193548387097
"Civil Service Cricket Club, Stormont",0,1,14.5,1.25,2.3659909909909906,32.0,1.5,3.3982005604663943,155.75,5.0,5.320857583653757,0.36185188775132876,0.6040227970025227
County Ground,0,1,23.0,0.0,3.72972972972973,46.0,0.0,4.677966101694915,260.0,7.0,7.090909090909092,0.5227963525835866,0.5063291139240507
County Ground,1,0,73.0,0.0,12.166666666666666,77.0,4.0,8.399999999999999,48.0,5.0,9.600000000000001,0.6262626262626263,0.4049586776859504
"Daren Sammy National Cricket Stadium, Gros Islet, St Lucia",1,0,60.0,1.0,9.72972972972973,102.0,3.0,11.127272727272727,43.0,1.0,8.6,0.5658536585365853,0.32786885245901637
"Darren Sammy National Cricket Stadium, Gros Islet",0,0,19.0,2.0,3.0810810810810807,40.0,0.0,4.444444444444445,294.0,8.0,2.5308464849354375,0.37393767705382436,0.7982233502538071
"Davies Park, Queenstown",0,1,17.0,0.0,2.55,38.0,1.0,3.8644067796610164,67.0,9.0,2.2458100558659218,0.36065573770491804,0.8129496402877698
De Beers Diamond Oval,1,0,42.666666666666664,1.3333333333333333,6.896001264422317,59.666666666666664,2.6666666666666665,6.585858585858586,55.666666666666664,2.3333333333333335,10.633040078201368,0.4237521514629948,0.393623086302669
Dr DY Patil Sports Academy,1,0,41.588235294117645,2.2941176470588234,6.627593227902826,57.1764705882353,2.5294117647058822,6.200250471339835,47.88235294117647,2.1176470588235294,9.051304862120801,0.4731178433572109,0.4671712843573854
"Dr DY Patil Sports Academy, Mumbai",1,0,45.95,1.55,7.3708465550570805,74.25,1.85,7.981780011680193,50.5,2.9,9.427926082679662,0.4891750119664865,0.4035847662779
Dr. Y.S. Rajasekhara Reddy ACA-VDCA Cricket Stadium,0,0,21.5,1.0,3.5833333333333335,28.0,0.0,3.1111111111111107,429.0,7.5,3.6247558637495745,0.5070443500722386,0.7035843204007517
Dr. Y.S. Rajasekhara Reddy ACA-VDCA Cricket Stadium,0,1,28.714285714285715,0.7142857142857143,4.585268785268785,49.857142857142854,1.0,5.439400991656631,217.57142857142858,5.285714285714286,6.165142264992539,0.4565325347850457,0.503537518231416
Dr. Y.S. Rajasekhara Reddy ACA-VDCA Cricket Stadium,1,0,40.733333333333334,1.4666666666666666,6.616452079609974,63.13333333333333,2.2,6.815667311783465,46.46666666666667,2.933333333333333,9.038385850919058,0.4584097541391371,0.4289696805198165
"Dr. Y.S. Rajasekhara Reddy ACA-VDCA Cricket Stadium, Visakhapatnam",0,0,15.0,0.0,2.5,24.0,0.0,2.6666666666666665,357.0,10.0,3.67409948542024,0.494949494949495,0.6864784546805349
"Dr. Y.S. Rajasekhara Reddy ACA-VDCA Cricket Stadium, Visakhapatnam",0,1,26.0,2.0,4.05,48.0,1.0,5.177922077922078,119.5,7.0,4.768945272960389,0.3954415954415954,0.571862389023406
"Dr. Y.S. Rajasekhara Reddy ACA-VDCA Cricket Stadium, Visakhapatnam",1,0,62.857142857142854,1.0,10.1467384677911,91.42857142857143,2.7142857142857144,9.778775548821427,51.0,2.7142857142857144,9.437583382802277,0.5628321696046162,0.3644357579537876
Dubai International Cricket Stadium,0,1,28.9,0.9,4.556771733118869,37.6,1.4,4.113860028860029,164.7,6.7,4.756139459216324,0.34260701024084195,0.5434503525651604
Dubai International Cricket Stadium,1,0,45.75,1.2678571428571428,7.352202657682439,64.94642857142857,2.517857142857143,7.016751397060119,47.142857142857146,2.4107142857142856,8.973371210946166,0.4444715758366473,0.3923814472134836
Eden Gardens,0,0,21.857142857142858,0.5714285714285714,3.578608683871842,32.142857142857146,1.4285714285714286,3.543434343434343,260.85714285714283,7.714285714285714,3.186955319706359,0.5499996257241052,0.7646640416615836
Eden Gardens,0,1,28.333333333333332,0.16666666666666666,4.55988680988681,50.333333333333336,0.6666666666666666,5.491809701020228,223.5,7.0,6.257345254225847,0.4769840128101608,0.4973841233343996
Eden Gardens,1,0,45.075,1.35,7.2410742366984335,68.1375,2.4125,7.44204166016941,45.3,2.5125,8.978450704695367,0.4982106724629509,0.40887108614030315
"Eden Gardens, Kolkata",0,0,31.0,0.0,5.166666666666667,38.0,2.0,4.222222222222222,90.0,8.0,2.2222222222222223,0.4779874213836478,0.7687687687687688
"Eden Gardens, Kolkata",0,1,45.5,1.0,6.826059050064186,51.0,0.5,5.506168831168831,174.0,6.0,5.499821428571429,0.5213011841917534,0.5457735655737705
"Eden Gardens, Kolkata",1,0,55.07142857142857,1.3928571428571428,8.85261386314018,76.67857142857143,2.7142857142857144,8.158672887270189,59.785714285714285,2.0,11.239877381264781,0.545634890849756,0.3953312908951986
Eden Park,0,0,16.0,0.0,2.6666666666666665,12.0,2.0,1.309090909090909,475.0,8.0,4.404945904173107,0.5646123260437376,0.7113821138211383
Eden Park,0,1,25.666666666666668,1.0,4.000805683732513,41.666666666666664,1.0,4.545454545454546,169.0,7.333333333333333,5.2280995234128556,0.4124397818946845,0.576059428176557
Eden Park,1,0,53.0,1.3333333333333333,8.235992089650626,66.33333333333333,2.3333333333333335,7.2183235867446385,45.0,2.3333333333333335,8.551470588235295,0.4232636271047445,0.3541038279132791
"Eden Park, Auckland",0,1,23.0,0.0,3.72972972972973,45.0,0.0,4.909090909090909,238.0,7.0,6.611111111111111,0.49673202614379086,0.525974025974026
Edgbaston,0,0,27.0,0.5,4.5,21.5,0.5,2.388888888888889,207.0,9.0,3.44130407444668,0.544425087108014,0.7523060254855576
Edgbaston,0,1,25.555555555555557,0.7777777777777778,4.165815815815815,44.0,1.0,4.710573150046835,176.55555555555554,6.111111111111111,6.035684178871599,0.37963136597186864,0.515767321877061
Edgbaston,1,0,46.0,2.0,7.666666666666666,53.0,2.0,5.781818181818181,81.0,3.0,16.200000000000003,0.5111111111111111,0.38016528925619836
"Edgbaston, Birmingham",0,0,20.0,0.0,3.274774774774775,24.0,1.0,2.666666666666667,457.5,9.0,4.552818614430546,0.5173470056349102,0.6760683689456315
"Edgbaston, Birmingham",1,0,61.0,1.0,9.384615384615385,54.0,4.0,5.684210526315789,55.0,3.0,10.3125,0.49411764705882355,0.421875
Feroz Shah Kotla,0,0,10.666666666666666,0.3333333333333333,1.777777777777778,23.333333333333332,0.3333333333333333,2.5534151034151034,266.0,9.333333333333334,2.7160227821984457,0.4686735408251396,0.7767714133723368
Feroz Shah Kotla,0,1,24.142857142857142,0.8571428571428571,3.940323782429046,41.285714285714285,1.0,4.4698128550215666,153.14285714285714,6.857142857142857,4.523579559126513,0.397421915408419,0.5911754762903226
Feroz Shah Kotla,1,0,46.69491525423729,1.4576271186440677,7.5002450230371736,68.86440677966101,2.1864406779661016,7.487809861434164,47.86440677966102,2.406779661016949,9.17797714592572,0.49282414425834054,0.3893137818156303
Gaddafi Stadium,0,1,33.666666666666664,1.0,5.129487179487179,38.333333333333336,1.3333333333333333,4.174891774891775,219.33333333333334,5.666666666666667,6.038391644243107,0.41671406901782326,0.5045750239505418
Galle International Stadium,0,0,24.25,0.0,3.8993598862019914,40.5,1.25,4.454545454545455,343.25,8.25,4.1027778965390205,0.4964035807234272,0.6740944209613311
Green Park,0,0,19.0,0.0,3.127627627627628,32.333333333333336,0.3333333333333333,3.569023569023569,357.0,9.666666666666666,3.4674096061586224,0.4847195282039225,0.698301769439217
Green Park,0,1,27.666666666666668,0.5,4.432769814348762,47.166666666666664,1.0,5.173508898508898,206.16666666666666,4.833333333333333,5.754362139952229,0.41791936005682323,0.5135739702773305
Green Park,1,0,50.2,1.6,8.04561403508772,66.4,2.8,7.12285030758715,41.8,3.2,8.187450309547083,0.49389853956995744,0.40179858529250956
"Green Park, Kanpur",0,0,13.0,0.0,2.1666666666666665,29.0,2.0,3.2222222222222223,191.0,8.0,3.201117318435754,0.6866952789699571,0.7991071428571429
Greenfield International Stadium,0,1,10.0,2.0,1.5789473684210527,41.0,1.0,4.392857142857142,53.0,7.0,3.0576923076923075,0.38461538461538464,0.702020202020202
Greenfield International Stadium,1,0,46.0,2.5,7.369843527738265,53.5,2.0,8.75,19.0,1.5,3.454545454545455,0.408955223880597,0.396167627356286
"Greenfield International Stadium, Thiruvananthapuram",0,1,42.0,0.0,7.0,49.0,0.0,5.444444444444445,299.0,5.0,8.344186046511627,0.4717948717948718,0.3639344262295082
"Greenfield International Stadium, Thiruvananthapuram",1,0,53.666666666666664,2.6666666666666665,8.24561403508772,84.66666666666667,0.6666666666666666,8.976608187134504,65.66666666666667,2.3333333333333335,11.651948051948052,0.5418842642862398,0.4076231060606061
Hagley Oval,0,0,30.0,1.0,5.0,29.0,0.0,3.2222222222222223,183.0,9.0,3.7993079584775087,0.5785123966942148,0.762532981530343
Harare Sports Club,0,1,20.88888888888889,0.6666666666666666,3.266403237937256,38.111111111111114,1.0555555555555556,4.09165326017335,165.0,6.722222222222222,4.924497231660938,0.373011916634823,0.5949518654475017
Harare Sports Club,1,0,41.916666666666664,1.8333333333333333,6.661664132780949,62.0,2.1666666666666665,6.717438482570063,48.666666666666664,2.3333333333333335,9.219996334310851,0.4449693180546516,0.4321551591504033
Headingley,0,1,27.5,0.75,4.444523470839261,43.0,1.0,4.685433280170122,214.0,5.25,5.9827562793410225,0.47486566701596467,0.5212076857568662
"Headingley, Leeds",0,0,15.5,1.0,2.565315315315315,25.5,0.5,2.8111111111111113,233.5,8.5,3.0121974522293,0.42985464641515597,0.7771520866072987
Himachal Pradesh Cricket Association Stadium,0,0,26.0,1.0,4.333333333333333,48.0,0.0,5.333333333333333,226.0,9.0,3.0748299319727894,0.5066666666666667,0.711864406779661
Himachal Pradesh Cricket Association Stadium,0,1,24.25,1.5,3.978603603603603,31.25,2.25,3.3850008707767327,159.0,5.25,4.999064822036852,0.5275079543186203,0.6306071756821412
Himachal Pradesh Cricket Association Stadium,1,0,40.2,1.3,6.411467337783128,82.6,1.1,8.81464260202425,55.2,2.4,10.761774193548387,0.5619989018541914,0.4202103077707592
"Himachal Pradesh Cricket Association Stadium, Dharamsala",0,0,16.0,0.0,2.6666666666666665,35.0,0.0,3.888888888888889,167.0,10.0,3.8837209302325584,0.5504587155963303,0.7126436781609196
"Himachal Pradesh Cricket Association Stadium, Dharamsala",0,1,13.0,1.0,2.1666666666666665,48.0,1.0,4.9655172413793105,212.0,8.0,5.971830985915493,0.38095238095238093,0.5211726384364821
"Himachal Pradesh Cricket Association Stadium, Dharamsala",1,0,45.75,1.75,7.469150071123755,74.875,2.375,8.044581624515835,65.625,1.875,12.229912023460411,0.5100766787560044,0.3706678898000653
Holkar Cricket Stadium,0,0,21.0,1.0,3.5,15.5,0.5,1.7222222222222223,317.0,6.0,3.103189308036266,0.4723638539796529,0.7355943282381335
Holkar Cricket Stadium,0,1,27.0,0.3333333333333333,4.3418803418803416,57.0,0.6666666666666666,6.1759259259259265,235.33333333333334,5.666666666666667,6.468874471694778,0.45770635567653706,0.46746757683916235
Holkar Cricket Stadium,1,0,45.90909090909091,1.3636363636363635,7.441935898932048,74.45454545454545,3.0,7.958874113658802,47.36363636363637,2.5454545454545454,9.485856432682377,0.505825621120448,0.40657389663600446
"Holkar Cricket Stadium, Indore",0,0,27.0,1.0,4.5,31.0,4.0,3.4444444444444446,51.0,5.0,2.7818181818181817,0.5137614678899083,0.74
"Holkar Cricket Stadium, Indore",0,1,31.666666666666668,1.0,5.09103840682788,73.66666666666667,0.3333333333333333,8.131313131313131,268.3333333333333,6.0,7.4984590844454075,0.5179143344378391,0.41375388013184616
"Holkar Cricket Stadium, Indore",1,0,48.0,1.0,7.783783783783784,106.0,1.0,11.357142857142858,73.0,1.0,12.514285714285716,0.5462555066079295,0.3359375
Indian Petrochemicals Corporation Limited Sports Complex Ground,0,1,30.0,0.0,5.0,63.0,1.0,6.631578947368421,248.0,2.0,6.888888888888889,0.4222873900293255,0.4627831715210356
JSCA International Stadium Complex,0,0,12.0,1.0,2.0,27.0,1.0,3.0,458.0,7.0,4.504918032786885,0.5633802816901409,0.7042857142857143
JSCA International Stadium Complex,0,1,32.5,0.5,5.255334281650072,48.25,0.75,5.132045332257197,172.75,6.25,5.026256324949269,0.432673515292293,0.5552416503585235
JSCA International Stadium Complex,1,0,44.0,1.0,7.208550655919077,64.44444444444444,2.3333333333333335,6.9919930297123285,42.333333333333336,2.5555555555555554,9.005105776049799,0.44714251669686367,0.39578981375395583
"JSCA International Stadium Complex, Ranchi",0,0,18.0,0.0,2.9189189189189193,49.0,3.0,5.345454545454546,286.0,7.0,3.166051660516605,0.45325779036827196,0.7145110410094637
"JSCA International Stadium Complex, Ranchi",0,1,31.5,1.0,5.195945945945946,58.0,0.5,6.174162679425837,224.0,6.0,6.279249568654858,0.44078662571375565,0.4764079633769829
"JSCA International Stadium Complex, Ranchi",1,0,55.5,1.5,8.948717948717949,65.5,1.5,7.099415204678362,43.5,3.0,8.33467741935484,0.48187759952465836,0.38948387096774195
"Jade Stadium, Christchurch",0,1,11.0,1.0,1.7837837837837838,14.0,1.0,1.4736842105263157,83.0,8.0,2.9820359281437123,0.37037037037037035,0.8084291187739464
Keenan Stadium,0,1,40.0,1.0,6.153846153846153,36.0,3.0,3.6610169491525424,147.0,6.0,4.366336633663366,0.4304932735426009,0.6333333333333333
Kennington Oval,0,0,14.333333333333334,0.6666666666666666,2.388888888888889,24.0,0.3333333333333333,2.6666666666666665,318.6666666666667,7.666666666666667,3.0705184357622883,0.44506539442628973,0.7545374144168893
Kennington Oval,0,1,25.875,0.625,4.061787602600959,47.75,0.375,5.155073420227685,212.875,5.5,6.003600071226653,0.4422196681974564,0.5310538101132973
"Kennington Oval, London",0,0,16.666666666666668,0.6666666666666666,2.7582582582582584,24.666666666666668,0.6666666666666666,2.6920077972709553,253.33333333333334,8.666666666666666,3.5271557843536656,0.531905264254643,0.7730061632500657
"Kennington Oval, London",0,1,22.0,4.0,3.473684210526316,37.0,3.0,4.036363636363636,51.0,3.0,4.935483870967742,0.6181818181818182,0.7225806451612903
"Kensington Oval, Bridgetown",1,0,42.0,0.0,6.93018018018018,87.5,1.5,9.638383838383838,47.0,4.0,9.096774193548388,0.47581682531515307,0.3809379829335483
"Kensington Oval, Bridgetown, Barbados",0,1,25.5,0.5,4.135135135135135,57.0,1.0,5.793103448275862,65.0,8.5,3.6431962025316458,0.4555587864689348,0.6289900504293308
"Kensington Oval, Bridgetown, Barbados",1,0,45.0,3.0,7.5,73.0,1.0,7.551724137931034,58.0,3.0,10.545454545454545,0.45454545454545453,0.3228346456692913
Khan Shaheb Osman Ali Stadium,0,1,21.0,0.5,3.4999999999999996,40.0,1.0,4.359126984126984,210.5,6.5,5.819317023445464,0.35304659498207885,0.4980919249420198
Kingsmead,0,0,19.666666666666668,0.3333333333333333,3.239766081871345,23.0,1.6666666666666667,2.5095478595478595,246.33333333333334,8.0,3.2561498105508595,0.5395842461418626,0.765592984753669
Kingsmead,0,1,29.75,0.5,4.751308494729548,48.5,1.25,5.33030303030303,193.25,6.0,5.509222661113366,0.37868525477811027,0.4716809970470731
Kingsmead,1,0,47.111111111111114,1.3888888888888888,7.517124180282075,64.05555555555556,2.4444444444444446,6.926015629504663,46.55555555555556,2.888888888888889,9.014617406102225,0.4746107532155601,0.4137163868242249
"Kingsmead, Durban",0,1,27.5,0.0,4.247368421052631,46.0,0.5,4.795668549905838,186.5,6.0,5.236046511627907,0.37155555555555553,0.5498915969291034
"Kingsmead, Durban",1,0,56.0,1.0,9.333333333333334,111.0,2.0,11.100000000000001,35.0,5.0,6.5625,0.594059405940594,0.4140625
Kinrara Academy Oval,0,1,32.333333333333336,0.6666666666666666,4.738497275082641,35.666666666666664,1.6666666666666667,3.727549806720191,160.0,6.0,4.894709863224517,0.409852458472116,0.625414509307148
"Kotambi Stadium, Vadodara",0,1,24.0,0.0,3.891891891891892,52.0,0.0,5.672727272727273,224.0,8.0,6.251162790697674,0.41333333333333333,0.42996742671009774
"Lal Bahadur Shastri Stadium, Hyderabad, Deccan",0,1,25.0,0.0,3.75,69.0,0.0,7.527272727272727,259.0,5.0,7.330188679245282,0.4985835694050991,0.41042345276872966
Lord's,0,0,12.333333333333334,0.6666666666666666,2.040540540540541,19.666666666666668,1.0,2.1723905723905723,260.0,7.666666666666667,3.602159190826333,0.5133711317904273,0.7575504970893636
Lord's,0,1,25.0,0.0,4.031746031746032,38.666666666666664,2.6666666666666665,4.252645502645502,174.0,6.333333333333333,4.969487244059581,0.3321486697445777,0.5421271719470809
Lord's,1,0,40.0,2.0,6.401137980085348,58.5,1.5,6.381818181818182,54.5,3.5,10.095825426944971,0.4183006535947712,0.4159626216077829
"Lord's, London",0,0,11.0,0.0,1.8333333333333335,30.0,1.0,3.304040404040404,334.5,9.0,3.214864668719108,0.42067751370076956,0.7266839227208599
"Lord's, London",0,1,36.5,0.0,5.837837837837838,44.5,1.5,4.841269841269842,177.5,7.0,5.035723866583206,0.35748357483574833,0.5215982253963101
M Chinnaswamy Stadium,0,0,17.666666666666668,0.6666666666666666,2.944444444444444,29.666666666666668,0.0,3.2962962962962963,296.6666666666667,9.333333333333334,3.4197794132936363,0.4991130507723618,0.7347159120355174
M Chinnaswamy Stadium,0,1,33.5,0.5,5.264102564102564,49.0,1.0,5.265584415584415,185.25,5.25,7.388351883349571,0.4904989705129759,0.5221564950090766
M Chinnaswamy Stadium,1,0,44.0,1.2615384615384615,7.01401980890872,73.1076923076923,1.9384615384615385,8.175271757079887,50.06153846153846,2.9384615384615387,9.589896750818879,0.5083249981291948,0.41102568909878145
"M Chinnaswamy Stadium, Bengaluru",0,0,16.0,0.5,2.614864864864865,18.5,2.0,2.0277777777777777,114.5,7.5,3.020277967646389,0.4437543133195307,0.795349553433939
"M Chinnaswamy Stadium, Bengaluru",0,1,53.0,0.0,8.594594594594595,66.0,1.0,7.199999999999999,291.0,3.0,7.864864864864865,0.5170731707317073,0.3885350318471338
"M Chinnaswamy Stadium, Bengaluru",1,0,51.95,1.3,8.439219280008754,81.15,2.55,8.70650768198202,54.5,2.45,10.025515092555002,0.5314709436190189,0.38198287656748176
M.Chinnaswamy Stadium,0,1,32.0,0.5,4.795593635250918,57.0,0.5,6.107142857142857,221.0,6.0,6.188990825688073,0.4173610820317407,0.4863393079412497
M.Chinnaswamy Stadium,1,0,48.3125,1.125,7.779566965751176,74.25,2.5625,8.06112463924964,56.875,2.6875,10.816735180142437,0.5042791765788501,0.3836172345907199
MA Aziz Stadium,0,1,20.0,1.0,3.2432432432432434,33.0,2.0,3.473684210526316,192.0,5.0,5.308755760368664,0.40816326530612246,0.5852090032154341
MA Chidambaram Stadium,0,0,13.0,0.5,2.144144144144144,35.5,0.0,3.917171717171717,405.0,9.5,3.180739955679738,0.492390698457105,0.7352151462994836
MA Chidambaram Stadium,1,0,40.77777777777778,1.8888888888888888,6.601522575206785,59.55555555555556,2.3333333333333335,6.474009940676607,50.22222222222222,1.1111111111111112,9.573266966008902,0.4602548690525563,0.4318468484046769
"MA Chidambaram Stadium, Chepauk",0,0,15.666666666666666,0.3333333333333333,2.6006006006006004,26.666666666666668,0.6666666666666666,2.9629629629629632,348.6666666666667,9.0,2.766638485978534,0.3660260036286082,0.7349545945742127
"MA Chidambaram Stadium, Chepauk",0,1,26.625,1.875,4.333593208593209,49.25,0.75,5.249422324751272,174.125,5.625,5.140927139542099,0.3750820341287583,0.5214106228630757
"MA Chidambaram Stadium, Chepauk",1,0,46.55102040816327,1.2244897959183674,7.449037451282855,70.87755102040816,1.816326530612245,7.628889711267119,49.53061224489796,2.3877551020408165,9.49705028032044,0.4637186453683604,0.3829052974968065
"MA Chidambaram Stadium, Chepauk, Chennai",0,0,14.0,1.0,2.3333333333333335,43.0,2.0,4.690909090909091,319.0,7.0,4.142857142857142,0.5,0.6980108499095841
"MA Chidambaram Stadium, Chepauk, Chennai",0,1,28.5,0.5,4.75,51.0,1.5,5.666666666666667,154.5,8.0,4.413393824485374,0.4039528497506118,0.5738199658892065
"MA Chidambaram Stadium, Chepauk, Chennai",1,0,50.48571428571429,1.3428571428571427,8.1412412528202,69.42857142857143,2.742857142857143,7.486630383166684,47.22857142857143,3.142857142857143,8.845484684243834,0.46410090592410425,0.3808575046224048
Madhavrao Scindia Cricket Ground,0,1,33.5,0.5,5.399966261808367,50.25,1.25,5.488623072833599,229.75,5.75,6.575928695946903,0.5254328378818672,0.5229248533615765
"Maharaja Yadavindra Singh International Cricket Stadium, Mullanpur",1,0,53.4,1.9,8.574012474012473,67.1,3.7,7.320966962861699,42.5,2.3,8.484732404692082,0.4939474291331794,0.40220157695542474
"Maharaja Yadavindra Singh International Cricket Stadium, New Chandigarh",1,0,66.0,0.5,10.767543859649123,92.0,1.5,9.253846153846155,62.5,2.5,11.34375,0.5066716085989622,0.38351254480286734
Maharani Usharaje Trust Cricket Ground,0,1,22.5,1.0,3.5571725571725574,37.5,1.5,4.018181818181818,230.0,7.0,6.377465209596176,0.4691780821917808,0.5343604108309992
Maharashtra Cricket Association Stadium,0,0,15.5,0.0,2.5518018018018016,29.0,0.5,3.1295454545454544,386.0,7.0,3.2987816810048054,0.5421093050044796,0.7496809095910508
Maharashtra Cricket Association Stadium,0,1,24.0,0.5714285714285714,3.8846101740838583,53.0,0.8571428571428571,5.787198515769944,230.0,6.285714285714286,6.490334761739225,0.45011168939958063,0.478078118395086
Maharashtra Cricket Association Stadium,1,0,46.25,1.4583333333333333,7.446400499689973,68.91666666666667,2.375,7.350262022418434,49.958333333333336,2.2916666666666665,9.708762405824398,0.46294051314813717,0.38358956042554615
"Maharashtra Cricket Association Stadium, Pune",0,0,23.0,0.0,3.72972972972973,26.0,1.0,2.888888888888889,210.0,9.0,3.2558139534883717,0.43243243243243246,0.700836820083682
"Maharashtra Cricket Association Stadium, Pune",0,1,19.0,0.0,3.166666666666667,75.0,1.0,7.894736842105264,162.0,7.0,4.584905660377359,0.40625,0.5377049180327869
"Maharashtra Cricket Association Stadium, Pune",1,0,48.46666666666667,1.0,7.6644241674280185,69.06666666666666,2.6666666666666665,7.471049846839321,56.86666666666667,2.3333333333333335,10.611307545501093,0.48606364964347964,0.3915577259520879
"Mahinda Rajapaksa International Cricket Stadium, Sooriyawewa",0,1,29.5,1.5,4.467265725288833,38.0,1.5,4.222222222222222,158.5,5.0,5.4743052912067,0.33776423889965845,0.5032707305427344
"Malahide, Dublin",1,0,38.5,3.0,6.166666666666667,69.0,1.5,7.583838383838383,54.5,1.5,9.759358288770054,0.4932529651954113,0.38403149606299214
Manuka Oval,0,1,35.5,0.5,5.75,48.5,0.0,5.290909090909091,241.0,6.0,6.769218955682317,0.4276851640404963,0.45588235294117646
Manuka Oval,1,0,42.0,1.0,6.8108108108108105,55.0,4.0,5.892857142857142,64.0,2.0,12.0,0.422360248447205,0.368
McLean Park,0,1,26.333333333333332,1.0,4.260391970918287,48.0,1.0,5.266113516113516,166.33333333333334,5.0,6.0304058639880544,0.4455008486070348,0.4938240030311642
"McLean Park, Napier",0,1,17.0,1.0,2.6842105263157894,42.0,0.0,4.581818181818182,195.0,8.0,5.416666666666667,0.2204724409448819,0.5631067961165048
Melbourne Cricket Ground,0,0,14.4,0.2,2.388288288288288,35.4,0.6,3.8992063492063496,307.8,8.6,3.12567588694205,0.38281299983101824,0.7460963515431362
Melbourne Cricket Ground,0,1,23.666666666666668,1.0,3.7324284955863902,38.55555555555556,1.3333333333333333,4.1567935718919555,191.77777777777777,5.666666666666667,5.980386683855087,0.3681198930019135,0.5284426138990403
Melbourne Cricket Ground,1,0,40.0,2.1666666666666665,6.442547810968864,62.333333333333336,2.3333333333333335,6.697123490544544,40.833333333333336,3.1666666666666665,8.607900432900433,0.41739779452534825,0.43421813489400485
Moses Mabhida Stadium,1,0,57.0,1.0,9.243243243243244,66.0,3.0,7.199999999999999,45.0,2.0,8.70967741935484,0.5,0.3008130081300813
Multan Cricket Stadium,0,1,14.0,0.0,2.3333333333333335,24.0,4.0,2.440677966101695,123.0,6.0,4.265895953757226,0.39751552795031053,0.6865671641791045
Nahar Singh Stadium,0,1,22.0,0.0,3.5675675675675675,44.0,0.0,4.800000000000001,160.0,10.0,4.507042253521126,0.3185840707964602,0.5639344262295082
Narendra Modi Stadium,0,0,18.5,1.0,2.9649122807017547,30.5,1.5,3.353535353535354,109.5,7.5,2.183396592102075,0.5588850174216028,0.806230760672032
Narendra Modi Stadium,1,0,39.0,1.6,6.23859649122807,77.8,2.2,8.517994227994228,53.8,2.0,10.366290322580644,0.5074713594894555,0.3878598719651924
"Narendra Modi Stadium, Ahmedabad",0,0,20.0,1.0,3.3333333333333335,31.0,3.0,3.4444444444444446,111.0,6.0,3.7627118644067794,0.5185185185185185,0.7565543071161048
"Narendra Modi Stadium, Ahmedabad",0,1,27.0,1.0,4.351728246465089,45.166666666666664,1.5,4.898625600264944,172.0,7.333333333333333,5.062262554952857,0.4293911118870694,0.5520377353944669
"Narendra Modi Stadium, Ahmedabad",1,0,54.10526315789474,1.263157894736842,8.544943016206782,81.21052631578948,2.289473684210526,8.734513803892494,55.71052631578947,2.5526315789473686,10.570179750392974,0.4972883382285326,0.34410595098945274
"Nassau County International Cricket Stadium, New York",1,0,31.333333333333332,2.0,4.8728446032682236,54.333333333333336,5.0,5.862085769980507,22.666666666666668,2.3333333333333335,8.623809523809523,0.4420571258806552,0.6012844162055065
National Stadium,0,0,13.0,4.0,2.1666666666666665,52.0,2.0,5.777777777777778,180.0,4.0,3.9416058394160585,0.6693877551020408,0.7307692307692307
National Stadium,0,1,34.857142857142854,0.42857142857142855,5.607411385606874,53.857142857142854,1.7142857142857142,5.863843223878907,215.71428571428572,4.714285714285714,6.075743409242517,0.42481970575844474,0.4696834334994147
Nehru Stadium,0,1,29.375,1.25,4.71491683991684,38.875,1.0,4.203237734487734,190.375,5.875,5.408932148208496,0.44013521241041254,0.5592594520693618
Nehru Stadium,1,0,38.4,1.6,6.085983149141044,64.6,1.6,7.029851143009037,43.8,2.4,9.803387096774193,0.47018113714100485,0.41894987593052113
"Nehru Stadium, Fatorda",0,1,17.5,1.5,2.764864864864865,39.0,0.5,3.998536299765808,205.5,5.0,5.705304897652985,0.42448979591836733,0.5736997907415914
New Wanderers Stadium,0,1,19.333333333333332,0.3333333333333333,3.222222222222222,39.0,1.3333333333333333,4.14366166199197,167.33333333333334,6.333333333333333,5.352341459080004,0.38698725940918727,0.5664175996268159
New Wanderers Stadium,1,0,39.916666666666664,1.9166666666666667,6.285310512942092,62.583333333333336,1.9166666666666667,6.846500721500721,51.166666666666664,2.8333333333333335,9.883452468230695,0.4244800757306791,0.40517757669077786
"New Wanderers Stadium, Johannesburg",0,1,42.5,0.0,6.062960862166761,53.0,0.5,5.523593466424682,230.0,3.5,6.411286134671975,0.3674972335635517,0.4931742339973708
Newlands,0,0,15.0,1.5,2.5,27.0,0.0,2.9878787878787882,308.0,8.5,3.6159773371104817,0.5669065234282626,0.7416219915592563
Newlands,0,1,26.333333333333332,1.0,4.307807807807808,34.333333333333336,1.3333333333333333,3.738143338143338,205.0,5.333333333333333,5.695161573586231,0.3747938297479383,0.49595938641680787
Newlands,1,0,44.857142857142854,1.7142857142857142,7.139286067857497,58.285714285714285,2.7142857142857144,6.632446918161203,39.42857142857143,2.857142857142857,7.797111586570112,0.460759829616526,0.4276613218602758
"Newlands, Cape Town",0,0,14.5,1.0,2.416666666666667,23.0,2.0,2.5555555555555554,101.5,7.0,2.6893193717277484,0.4414186710150836,0.812863196125908
"Newlands, Cape Town",0,1,31.0,0.5,4.9672830725462305,32.5,1.0,3.4386973180076628,192.5,6.5,5.393605870020965,0.367138985675571,0.5418482399729228
"Niranjan Shah Stadium, Rajkot",0,1,18.0,0.0,2.9189189189189193,69.0,1.0,7.2631578947368425,197.0,6.0,5.5233644859813085,0.4225352112676056,0.4772727272727273
OUTsurance Oval,1,0,36.5,2.0,5.613157894736842,59.5,1.0,6.37799043062201,39.0,3.0,7.622580645161291,0.29000000000000004,0.4172910845821691
Old Trafford,0,0,8.0,4.0,1.3333333333333333,24.0,0.0,2.6666666666666665,120.0,6.0,3.769633507853403,0.5789473684210527,0.8078291814946619
Old Trafford,0,1,22.75,0.75,3.710763394973921,41.0,0.5,4.461038961038961,200.0,6.25,5.579623862646647,0.39328392856231087,0.5351768971871488
Old Trafford,1,0,51.0,1.0,8.38963963963964,69.5,4.0,7.581818181818182,41.5,4.0,7.871196754563894,0.4939965694682676,0.42247933884297517
"Old Trafford, Manchester",0,1,38.0,2.0,6.162162162162161,42.0,2.0,4.581818181818182,179.0,6.0,5.536082474226804,0.43243243243243246,0.5734265734265734
P Sara Oval,0,0,16.0,1.5,2.666666666666667,42.0,0.0,4.542857142857143,351.0,8.5,3.133278145695364,0.38747492890285884,0.7179284338868603
P Saravanamuttu Stadium,0,0,45.0,0.0,7.297297297297297,33.0,1.0,3.666666666666667,171.0,9.0,2.6307692307692307,0.40160642570281124,0.7297297297297297
Pallekele International Cricket Stadium,0,0,37.0,0.0,6.166666666666666,46.0,0.0,5.018181818181818,404.0,10.0,3.7177914110429446,0.3942505133470226,0.65814266487214
Pallekele International Cricket Stadium,0,1,30.5,0.5,4.959199584199585,40.5,1.25,4.396278575225944,173.25,6.75,4.918030328381285,0.3589563474140458,0.5559310272460403
Pallekele International Cricket Stadium,1,0,59.333333333333336,1.0,9.655919076971708,77.0,1.3333333333333333,8.111985472154963,40.0,4.0,7.645833333333333,0.5587886050916689,0.3875008386242902
Perth Stadium,0,0,12.5,0.5,2.0585585585585586,24.5,0.5,2.672727272727273,201.0,9.0,3.2775993576876754,0.44858895705521473,0.7827038971474487
Perth Stadium,0,1,21.0,1.0,3.230769230769231,27.0,3.0,2.892857142857143,88.0,5.0,7.880597014925373,0.4117647058823529,0.5802469135802469
Perth Stadium,1,0,33.0,2.0,5.5,68.0,3.0,7.418181818181818,32.0,4.0,6.4,0.42105263157894735,0.4793388429752066
"Providence Stadium, Guyana",1,0,35.0,1.75,5.715979137031768,72.5,2.0,7.7665236759610625,49.5,2.5,9.499413489736071,0.4631750123564274,0.41886896192761297
Punjab Cricket Association IS Bindra Stadium,1,0,49.4,0.9,8.10654156180472,78.5,2.4,8.555065314802157,47.7,2.5,9.247232404692081,0.48693921482051905,0.3386123669291725
"Punjab Cricket Association IS Bindra Stadium, Mohali",0,0,25.0,0.0,4.114864864864865,23.0,2.0,2.5555555555555554,243.5,8.0,2.8902875158816057,0.5194817432273262,0.7750242420142295
"Punjab Cricket Association IS Bindra Stadium, Mohali",0,1,27.666666666666668,0.6666666666666666,4.4914529914529915,49.666666666666664,1.0,5.391013584117033,213.33333333333334,6.0,6.268236786469345,0.454640634530211,0.49543738562240486
"Punjab Cricket Association IS Bindra Stadium, Mohali",1,0,45.92307692307692,1.0,7.4839150891782475,69.38461538461539,2.230769230769231,7.448811540123177,47.30769230769231,2.5384615384615383,9.349949244304083,0.4452518612142961,0.34882921607342726
"Punjab Cricket Association IS Bindra Stadium, Mohali, Chandigarh",0,0,28.0,0.0,4.54054054054054,47.0,1.0,5.127272727272727,499.0,7.0,4.301724137931035,0.4738675958188153,0.633248730964467
"Punjab Cricket Association IS Bindra Stadium, Mohali, Chandigarh",0,1,26.0,1.0,4.333333333333333,52.0,0.0,5.672727272727273,198.0,9.0,5.630331753554502,0.463768115942029,0.5165562913907285
"Punjab Cricket Association IS Bindra Stadium, Mohali, Chandigarh",1,0,56.166666666666664,1.3333333333333333,8.944869259503406,84.16666666666667,1.6666666666666667,8.920021645021643,59.166666666666664,2.1666666666666665,11.133767106549364,0.5346354716168124,0.36047459845144214
"Punjab Cricket Association Stadium, Mohali",0,0,22.0,0.5,3.5259328154064997,34.0,0.25,3.674712643678161,320.5,9.25,2.9798410009906693,0.46918220489479096,0.7476309759540496
"Punjab Cricket Association Stadium, Mohali",0,1,30.375,0.5,4.796622305503885,46.0,1.125,4.9971894698868375,201.5,6.625,5.609924534403417,0.43868568250843154,0.5295424923471326
"Punjab Cricket Association Stadium, Mohali",1,0,48.22222222222222,1.4722222222222223,7.709435572561375,69.05555555555556,2.3055555555555554,7.604313724893282,47.19444444444444,2.611111111111111,9.180833207669458,0.48910736494781987,0.3901175804239183
"Queen's Park Oval, Port of Spain",0,1,26.363636363636363,0.36363636363636365,4.140908912988502,37.0,1.0,3.924963759115141,184.36363636363637,5.636363636363637,5.481174170664264,0.3710353030350854,0.5610450378151567
"Queen's Park Oval, Port of Spain",1,0,46.0,1.0,7.076923076923077,41.0,3.0,4.472727272727273,72.0,2.0,12.705882352941178,0.4025157232704403,0.3828125
"Queen's Park Oval, Port of Spain, Trinidad",0,1,37.333333333333336,0.0,6.222222222222222,53.666666666666664,0.3333333333333333,5.823376623376624,190.33333333333334,5.0,6.131288004422333,0.4362681167825862,0.4742296272808509
"Queen's Park Oval, Trinidad",0,1,39.5,0.5,6.2368421052631575,65.5,1.0,6.932881773399015,154.5,5.5,5.417923993193421,0.4507168458781362,0.5001333590172923
Queens Sports Club,0,0,22.0,0.0,3.3846153846153846,25.0,2.0,2.727272727272727,232.0,8.0,2.687258687258687,0.4157706093189964,0.8088235294117647
Queens Sports Club,0,1,24.25,0.5,3.626126126126126,28.25,2.5,3.0573374724690514,156.0,5.75,4.928191072769215,0.35509258641542085,0.6069870147111934
R Premadasa Stadium,0,1,27.833333333333332,0.9166666666666666,4.3670824967358985,48.416666666666664,0.9166666666666666,5.2437911654790055,199.66666666666666,5.333333333333333,5.5849970893004235,0.35506295230531965,0.5060239383644275
R Premadasa Stadium,1,0,47.8,1.6,7.640180180180179,62.2,2.2,6.741038961038962,42.2,2.4,8.0603666921314,0.44401076219961666,0.4036916908496532
"R Premadasa Stadium, Colombo",0,1,29.77777777777778,1.2222222222222223,4.755680781996571,49.111111111111114,0.8888888888888888,5.228174762382313,158.22222222222223,6.111111111111111,4.54756179974105,0.4125454978678213,0.5717576541685072
"R Premadasa Stadium, Colombo",1,0,44.25,1.5,7.2342342342342345,55.0,2.25,5.979040404040404,38.75,2.5,7.361647727272728,0.356504456097952,0.39899039172209905
R.Premadasa Stadium,0,1,30.5,0.0,4.692307692307692,43.0,1.5,4.448275862068966,176.0,6.0,4.918528823580559,0.34239658186055544,0.5572630016696556
"R.Premadasa Stadium, Khettarama",0,1,37.5,1.0,6.162162162162161,63.0,1.0,6.75,206.0,5.5,5.80281690140845,0.4386106442577031,0.46496839172827603
"R.Premadasa Stadium, Khettarama",1,0,47.666666666666664,1.8333333333333333,7.627548601232811,68.83333333333333,2.3333333333333335,7.3351082986057525,46.333333333333336,2.5,9.12134603220941,0.4596752501141846,0.39571719229083335
Rajiv Gandhi International Stadium,1,0,48.2,1.3333333333333333,7.739451192082771,68.93333333333334,1.8666666666666667,7.436166076982774,45.46666666666667,3.1333333333333333,8.73622980277155,0.46664089603630443,0.3838480173011397
"Rajiv Gandhi International Stadium, Uppal",0,0,20.25,0.75,3.375,37.0,1.0,4.111111111111111,361.0,7.0,3.2206215488312804,0.49053564491087787,0.7253957926539051
"Rajiv Gandhi International Stadium, Uppal",0,1,23.666666666666668,1.1666666666666667,3.730206927575349,48.833333333333336,0.6666666666666666,5.2652020376612025,205.33333333333334,5.5,5.770744090816128,0.42314742339573613,0.5170725559904347
"Rajiv Gandhi International Stadium, Uppal",1,0,42.63265306122449,1.3673469387755102,6.809045381968543,66.46938775510205,2.163265306122449,7.308560791597685,48.61224489795919,2.7755102040816326,9.340577896428785,0.4552955782427885,0.3910161519969934
"Rajiv Gandhi International Stadium, Uppal, Hyderabad",0,0,31.0,0.0,5.027027027027027,29.0,2.0,3.2222222222222223,186.0,8.0,3.74496644295302,0.5040650406504065,0.6838046272493573
"Rajiv Gandhi International Stadium, Uppal, Hyderabad",0,1,35.0,0.0,5.384615384615385,53.0,1.0,5.678571428571429,261.0,7.0,7.25,0.4813753581661891,0.43729903536977494
"Rajiv Gandhi International Stadium, Uppal, Hyderabad",1,0,57.95,1.7,9.265544461465513,81.95,2.45,8.728372692055267,57.5,2.1,10.955353739002932,0.5434505666322649,0.35470476189452493
Rangiri Dambulla International Stadium,0,1,23.571428571428573,1.0,3.837092731829574,40.57142857142857,1.2857142857142858,4.357668520686015,144.57142857142858,7.071428571428571,4.583658910688285,0.3980030134477536,0.6102903733941784
Rawalpindi Cricket Stadium,0,0,12.0,0.0,1.945945945945946,31.0,2.0,3.3214285714285716,181.0,8.0,3.0677966101694913,0.5892857142857143,0.8187919463087249
Rawalpindi Cricket Stadium,0,1,36.5,0.5,5.6260162601626025,57.0,1.5,6.170454545454546,203.5,6.0,5.7037012774320335,0.44672822159775194,0.5051552369405936
Reliance Stadium,0,1,23.75,2.0,3.6889812889812887,38.0,0.75,3.9910228156598393,165.25,6.25,4.851777386810886,0.4356143953536161,0.6302490920563775
"Sabina Park, Jamaica",0,0,32.0,0.0,5.333333333333333,11.0,1.0,1.222222222222222,373.0,9.0,2.976063829787234,0.5,0.7980997624703088
"Sabina Park, Kingston",0,0,14.0,1.5,2.2837837837837838,10.5,0.5,1.1606060606060606,198.5,8.0,3.4915658027277234,0.5570731707317074,0.7841573777728728
"Sabina Park, Kingston",0,1,24.571428571428573,1.1428571428571428,3.8752598752598755,37.42857142857143,1.0,3.9768548853848307,189.14285714285714,5.285714285714286,5.3005038779881275,0.3829772045923957,0.5579632691868015
"Sabina Park, Kingston",1,0,66.0,2.0,10.153846153846153,74.0,0.0,8.072727272727272,50.0,4.0,9.677419354838708,0.5473684210526316,0.328
"Sardar Patel (Gujarat) Stadium, Motera",0,1,47.0,0.0,7.149550706033375,42.5,2.0,4.364285714285714,210.5,5.0,5.87878984613387,0.39899749373433585,0.5039936102236422
Sardar Patel Stadium,0,0,24.0,0.0,4.0,32.0,2.0,3.310344827586207,342.0,8.0,3.147239263803681,0.4723618090452261,0.7493297587131368
"Sardar Patel Stadium, Motera",0,0,24.0,1.0,3.934684684684685,37.0,2.5,3.984688995215311,237.5,5.5,3.568965517241379,0.4556520860692999,0.7645681581685744
"Sardar Patel Stadium, Motera",0,1,23.0,0.8,3.6951161688003795,46.4,0.8,5.094545454545455,207.0,4.6,5.799389449151103,0.4194549444676091,0.5050994031843017
"Sardar Patel Stadium, Motera",1,0,48.0,1.4166666666666667,7.7557050978103605,63.666666666666664,2.25,6.896572871572872,51.583333333333336,2.8333333333333335,10.07271505376344,0.4884526777742289,0.38670776622218245
Saurashtra Cricket Association Stadium,0,0,25.0,1.0,4.054054054054054,49.0,0.0,5.444444444444445,575.0,8.0,4.248768472906404,0.4622496147919877,0.6135105204872646
Saurashtra Cricket Association Stadium,0,1,33.0,0.0,5.352536747273589,45.666666666666664,0.6666666666666666,4.982804232804233,233.0,5.0,6.479834942820332,0.4499033573543378,0.4567610931159629
Saurashtra Cricket Association Stadium,1,0,53.166666666666664,0.9166666666666666,8.655405405405405,72.16666666666667,2.5,7.809533935849725,48.5,2.25,9.49827122728958,0.4902565306613671,0.33168300748674023
"Saurashtra Cricket Association Stadium, Rajkot",0,0,24.0,2.0,3.891891891891892,32.0,1.0,3.4909090909090907,389.0,7.0,3.353448275862069,0.503370786516854,0.7246192893401016
"Saurashtra Cricket Association Stadium, Rajkot",0,1,46.0,0.0,7.666666666666666,74.0,1.0,8.222222222222223,232.0,6.0,6.385321100917432,0.5340909090909091,0.44155844155844154
"Saurashtra Cricket Association Stadium, Rajkot",1,0,48.333333333333336,1.6666666666666667,7.729644624381467,79.33333333333333,2.6666666666666665,8.72089947089947,61.666666666666664,2.3333333333333335,11.747800586510264,0.5540560803718698,0.38145344872803566
Sawai Mansingh Stadium,0,1,23.0,0.8,3.673044096728307,42.8,1.0,4.71111111111111,203.4,5.8,5.935859578918082,0.40937772567121583,0.5365551227238534
Sawai Mansingh Stadium,1,0,44.0,1.1914893617021276,7.0557789203434185,66.80851063829788,2.25531914893617,7.1882517590849755,46.87234042553192,2.3404255319148937,9.086436253437906,0.4679361163723047,0.40377028740734333
"Sawai Mansingh Stadium, Jaipur",1,0,49.611111111111114,1.1666666666666667,8.004346451714873,80.38888888888889,1.9444444444444444,8.59311883418054,55.94444444444444,2.111111111111111,10.606492257215692,0.4980819241438592,0.34182739546089613
Sector 16 Stadium,0,1,21.0,0.0,3.3157894736842106,47.0,0.0,4.7,223.0,4.0,6.137614678899082,0.43986254295532645,0.5569620253164557
Seddon Park,0,0,16.0,0.0,2.6666666666666665,24.0,2.0,2.6666666666666665,239.0,8.0,3.7441253263707575,0.5161290322580645,0.7145877378435518
Seddon Park,0,1,25.833333333333332,0.5,4.124399399399399,45.333333333333336,1.5,4.863549591498775,181.66666666666666,4.833333333333333,5.68420945530917,0.4677629762519726,0.5574918765687392
Seddon Park,1,0,66.0,0.0,10.702702702702702,85.0,3.0,9.444444444444445,61.0,1.0,11.4375,0.5283018867924528,0.2601626016260163
Shaheed Veer Narayan Singh International Stadium,1,0,36.666666666666664,1.6666666666666667,5.831432748538011,59.833333333333336,2.6666666666666665,6.510673780410623,49.833333333333336,1.8333333333333333,9.676680107526883,0.4376353136113331,0.42549982852359514
"Shaheed Veer Narayan Singh International Stadium, Raipur",0,1,28.0,1.5,3.8256410256410263,36.5,2.0,4.031313131313132,168.5,4.0,5.545668549905838,0.4586178357128078,0.5798517520215634
"Shaheed Veer Narayan Singh International Stadium, Raipur",1,0,57.0,1.5,9.243243243243244,83.0,3.0,9.049603174603174,51.0,3.0,9.272727272727273,0.5394562334217506,0.38402457757296465
Sharjah Cricket Stadium,1,0,44.0,1.4285714285714286,7.103483761378498,66.92857142857143,2.357142857142857,7.195053642091495,48.107142857142854,2.4285714285714284,9.158002984918308,0.44111194604465714,0.3955364614659052
Sheikh Zayed Stadium,0,1,21.0,0.0,3.4504504504504503,40.5,1.0,4.465656565656566,171.5,6.5,4.861815754339118,0.365180306832978,0.541038069821905
Sheikh Zayed Stadium,1,0,43.74074074074074,1.5185185185185186,6.964402661771083,66.18518518518519,1.962962962962963,7.155896484894266,49.03703703703704,2.4074074074074074,9.352187776381324,0.45089316848183214,0.38325544681915663
Shere Bangla National Stadium,0,0,15.0,3.0,2.5,44.0,2.0,4.888888888888888,174.0,5.0,2.9575070821529743,0.5321888412017167,0.7652370203160271
Shere Bangla National Stadium,0,1,30.55,0.8,4.864945289418974,47.0,1.0,5.080274089821369,193.4,5.65,5.603893360927672,0.4062643029068466,0.5109693941840225
Shere Bangla National Stadium,1,0,32.18181818181818,1.7272727272727273,5.1245269192637615,60.63636363636363,2.4545454545454546,6.558514946528476,38.63636363636363,2.6363636363636362,7.49179902166145,0.4409481911586482,0.4764699915918197
"Shere Bangla National Stadium, Mirpur",0,0,15.0,0.0,2.4639639639639643,26.5,0.5,2.888888888888889,377.0,6.5,3.6218941741084993,0.48952119592691556,0.7145742516710258
"Shere Bangla National Stadium, Mirpur",0,1,25.5,1.0,4.135135135135135,41.5,2.0,4.446428571428571,161.5,5.5,5.045138888888889,0.4330833630916955,0.600278854394515
"Shrimant Madhavrao Scindia Cricket Stadium, Gwalior",1,0,39.0,2.0,6.5,63.0,5.0,6.872727272727273,25.0,3.0,5.0,0.4094488188976378,0.4462809917355372
Sinhalese Sports Club Ground,0,0,21.333333333333332,1.0,3.507507507507507,39.0,0.6666666666666666,4.248316498316498,451.0,6.666666666666667,3.487861628601891,0.42882952702888394,0.7014362819503882
"Sir Vivian Richards Stadium, Antigua",0,0,14.0,2.0,2.3333333333333335,22.0,1.0,2.4000000000000004,261.0,7.0,3.189409368635438,0.4713804713804714,0.7749140893470791
"Sir Vivian Richards Stadium, North Sound",0,0,14.0,0.0,2.3333333333333335,15.0,1.0,1.6666666666666667,537.0,7.0,3.6324689966178125,0.43109540636042404,0.6878198567041965
"Sir Vivian Richards Stadium, North Sound",0,1,22.5,1.0,3.5906098406098406,35.0,0.5,3.8072691197691197,171.0,5.75,4.76564945226917,0.34213528241848695,0.584659436314972
"Sir Vivian Richards Stadium, North Sound, Antigua",1,0,53.0,1.0,8.833333333333334,81.0,3.0,8.379310344827587,62.0,1.0,11.272727272727273,0.5102040816326531,0.36220472440944884
Sophia Gardens,0,1,18.75,0.25,3.012802275960171,44.5,0.75,4.74688995215311,216.75,5.75,6.003286804650744,0.37820206332375483,0.52701338920639
Sophia Gardens,1,0,31.0,3.0,5.166666666666667,62.0,1.0,6.763636363636364,55.0,1.0,10.3125,0.3783783783783784,0.3983739837398374
St George's Park,0,1,21.333333333333332,0.6666666666666666,3.5045045045045047,55.666666666666664,0.6666666666666666,5.961755485893416,183.66666666666666,6.0,5.157596874046515,0.38378854352574937,0.5083319696190431
St George's Park,1,0,48.0,1.1428571428571428,7.501659070456063,63.42857142857143,1.5714285714285714,6.909492532645243,47.57142857142857,2.0,9.281163594470046,0.42613554161841055,0.3931350570765308
"St George's Park, Gqeberha",0,1,22.0,1.0,3.473684210526316,32.0,1.0,3.4909090909090907,157.0,8.0,4.8061224489795915,0.4549763033175355,0.6262975778546713
"St George's Park, Gqeberha",1,0,46.5,3.0,7.040384615384616,67.0,1.5,7.229220779220778,38.5,2.0,7.686274509803921,0.4985663082437276,0.4644944105691057
Stadium Australia,1,0,55.0,1.0,8.91891891891892,77.0,1.0,8.399999999999999,39.0,2.0,7.800000000000001,0.42105263157894735,0.3524590163934426
Subrata Roy Sahara Stadium,1,0,40.05882352941177,1.1176470588235294,6.504447648410497,62.705882352941174,2.2941176470588234,6.831980775591323,47.11764705882353,1.7647058823529411,9.227443074003796,0.43257354162076767,0.37940508560168384
SuperSport Park,0,0,12.5,0.5,2.0833333333333335,19.0,1.0,2.079365079365079,204.0,8.5,3.74982703749827,0.580684811237928,0.7813774632660082
SuperSport Park,0,1,26.0,0.4,4.263916548127074,30.8,2.0,3.3488167388167382,158.0,7.0,5.01996807603188,0.42936847206724194,0.5562931494674
SuperSport Park,1,0,41.69230769230769,2.076923076923077,6.615504887747408,67.38461538461539,1.9230769230769231,7.311334279755333,48.30769230769231,2.1538461538461537,9.667842064639977,0.4708788111693314,0.42287085335730945
"SuperSport Park, Centurion",0,0,13.0,0.5,2.1666666666666665,29.0,1.0,3.1969696969696972,244.0,8.5,3.4584156392616308,0.5956187979779068,0.7737304287081049
"SuperSport Park, Centurion",0,1,30.0,1.0,4.536357786357787,26.333333333333332,2.0,2.8718374218374216,125.0,6.0,3.815688076259127,0.35416956863532206,0.6606124294976888
"SuperSport Park, Centurion",1,0,70.0,1.0,11.052631578947368,84.0,3.0,8.542372881355933,65.0,2.0,10.833333333333334,0.5114155251141552,0.39097744360902253
Sydney Cricket Ground,0,0,14.0,1.0,2.2514619883040936,28.666666666666668,1.0,3.185185185185185,237.0,8.0,3.3464961250078757,0.4768095722287031,0.7659246607799016
Sydney Cricket Ground,0,1,31.181818181818183,0.8181818181818182,5.023772576404156,52.63636363636363,0.8181818181818182,5.693553788051395,226.0,4.909090909090909,6.360528390911996,0.3926157612934297,0.4640565818607362
Sydney Cricket Ground,1,0,49.6,0.8,7.858890469416785,76.8,2.0,8.091307657859382,57.6,1.8,11.152983870967741,0.46213686781408525,0.32406030892479903
The Rose Bowl,0,0,14.0,0.5,2.310810810810811,21.0,1.0,2.333333333333333,372.5,7.0,3.526529061668988,0.4481975223970166,0.7590209587160807
The Rose Bowl,0,1,23.25,0.75,3.7828947368421053,48.25,0.75,5.279617604617605,176.5,4.25,6.683865156672668,0.35919688198748123,0.4690323926077384
"The Rose Bowl, Southampton",0,0,16.0,0.0,2.6666666666666665,29.0,0.0,3.2222222222222223,172.0,10.0,2.2193548387096773,0.4423963133640553,0.8378378378378378
"The Rose Bowl, Southampton",1,0,66.0,2.0,10.702702702702702,91.0,2.0,9.578947368421053,41.0,4.0,7.6875,0.5656565656565656,0.3492063492063492
"The Village, Malahide",1,0,58.0,0.5,9.058783783783785,88.0,1.0,9.278274268104777,64.5,3.0,11.566844919786096,0.49458288190682553,0.2950937950937951
"The Village, Malahide, Dublin",1,0,53.0,2.0,8.483641536273115,89.5,0.5,10.690540540540539,24.0,3.0,4.64516129032258,0.534074074074074,0.36682291666666667
The Wanderers Stadium,0,0,7.0,0.5,1.135135135135135,14.5,1.5,1.6111111111111112,196.5,8.0,3.0509721031057326,0.5056804759143526,0.8160154041831543
The Wanderers Stadium,0,1,30.0,1.0,4.615384615384616,48.0,0.0,5.236363636363636,211.0,6.0,5.807339449541284,0.4013840830449827,0.5128205128205128
The Wanderers Stadium,1,0,78.0,2.0,12.0,79.0,2.0,8.464285714285715,46.0,1.0,8.117647058823529,0.5320197044334976,0.32558139534883723
"The Wanderers Stadium, Johannesburg",0,0,16.0,0.0,2.5945945945945947,20.0,1.0,2.2222222222222223,166.0,9.0,3.3993174061433447,0.5544554455445545,0.7942708333333334
"The Wanderers Stadium, Johannesburg",0,1,24.0,2.0,3.6923076923076925,41.0,5.0,4.169491525423729,51.0,3.0,3.974025974025974,0.5172413793103449,0.7714285714285715
"The Wanderers Stadium, Johannesburg",1,0,67.5,1.5,10.110694183864915,114.0,0.5,12.024451410658306,60.5,2.0,11.163187855787475,0.5712427262978395,0.34613533834586463
Titwood,0,1,15.0,1.0,2.1951219512195124,36.0,3.0,3.789473684210526,152.0,5.0,4.676923076923077,0.31527093596059114,0.658703071672355
Trent Bridge,0,0,11.666666666666666,0.6666666666666666,1.9339339339339336,30.666666666666668,1.0,3.3629629629629627,207.0,8.333333333333334,3.3179136566907466,0.5109355947904133,0.7685960422182787
Trent Bridge,0,1,29.0,0.3333333333333333,4.738738738738739,48.0,1.6666666666666667,5.235867446393762,144.66666666666666,8.0,4.254635155566166,0.3646468357873756,0.5567754192393409
Trent Bridge,1,0,43.0,1.3333333333333333,6.933143669985775,51.666666666666664,2.6666666666666665,5.7407407407407405,46.0,2.0,10.407843137254902,0.4005291005291005,0.3853553719008264
"Trent Bridge, Nottingham",1,0,52.0,1.0,8.210526315789474,100.0,2.0,10.526315789473683,63.0,4.0,11.8125,0.5023255813953489,0.3937007874015748
VRA Cricket Ground,0,1,26.0,1.0,4.333333333333333,36.0,2.0,3.9272727272727272,130.0,3.0,7.090909090909092,0.375,0.472636815920398
Vidarbha C.A. Ground,0,1,37.0,0.0,5.692307692307692,51.0,1.0,5.464285714285714,262.0,5.0,7.380281690140845,0.48,0.42857142857142855
Vidarbha Cricket Association Ground,0,1,46.0,1.0,7.45945945945946,52.0,1.0,5.777777777777778,219.0,6.0,6.140186915887851,0.5173501577287066,0.5147540983606558
"Vidarbha Cricket Association Stadium, Jamtha",0,0,18.4,0.4,3.0105263157894737,29.0,1.0,3.2096969696969695,275.0,7.8,2.9336790203131757,0.41236080287709526,0.7357947993272089
"Vidarbha Cricket Association Stadium, Jamtha",0,1,32.5,0.6666666666666666,5.2060968863600445,50.0,0.8333333333333334,5.39857725120883,216.33333333333334,6.666666666666667,6.126884175319539,0.419644417505671,0.4689294416506122
"Vidarbha Cricket Association Stadium, Jamtha",1,0,43.0,1.5714285714285714,6.934464539727697,73.57142857142857,2.0,8.035607304572823,41.57142857142857,3.4285714285714284,8.104608294930875,0.43958404507082793,0.37539984559171724
"Vidarbha Cricket Association Stadium, Jamtha, Nagpur",0,0,25.0,2.0,4.166666666666666,8.0,0.0,0.8888888888888888,144.0,8.0,2.9189189189189193,0.632768361581921,0.8160621761658031
"Vidarbha Cricket Association Stadium, Jamtha, Nagpur",0,1,52.0,0.0,8.432432432432433,47.0,3.0,5.222222222222222,149.0,7.0,4.538071065989848,0.45161290322580644,0.5243055555555556
"Vidarbha Cricket Association Stadium, Jamtha, Nagpur",1,0,63.5,3.0,10.152204836415361,72.5,2.0,13.546610169491526,28.0,1.0,5.090909090909091,0.6052287581699347,0.31978021978021975
W.A.C.A. Ground,0,1,32.0,2.0,5.052631578947368,29.0,2.0,3.1071428571428577,142.0,6.0,3.9627906976744187,0.39408866995073893,0.6699029126213593
Wankhede Stadium,0,0,20.25,1.0,3.35472972972973,24.0,0.25,2.6666666666666665,209.0,8.75,2.9839194301119023,0.4747605605403771,0.7600965135173694
Wankhede Stadium,0,1,31.142857142857142,1.0,4.885193889541716,47.142857142857146,0.5714285714285714,5.07569111239062,190.42857142857142,6.285714285714286,5.4850738789573015,0.4287619606412397,0.5346459875022752
Wankhede Stadium,1,0,45.13157894736842,1.3421052631578947,7.215011061242736,71.05263157894737,2.263157894736842,7.6815420578462925,50.94736842105263,2.4342105263157894,9.699163663935547,0.501325787601124,0.4040277670488355
"Wankhede Stadium, Mumbai",0,0,22.0,0.5,3.6238738738738734,30.0,0.0,3.292929292929293,228.0,9.5,3.174023361343588,0.44713584288052377,0.7312474348305764
"Wankhede Stadium, Mumbai",0,1,44.75,1.0,6.769736842105264,55.5,0.75,6.054545454545455,206.75,5.75,6.270120273613005,0.4856564948509224,0.49598735621192835
"Wankhede Stadium, Mumbai",1,0,48.464285714285715,1.625,7.73507272824048,75.16071428571429,2.375,8.018482987271616,55.267857142857146,2.357142857142857,10.611032567294279,0.5143387181316229,0.4011604664711337
"Warner Park, Basseterre",0,1,27.0,1.0,4.378378378378378,63.0,1.0,7.0,155.0,7.0,4.285714285714286,0.31020408163265306,0.5194805194805194
"Warner Park, Basseterre, St Kitts",1,0,50.5,1.5,8.416666666666668,58.0,2.0,6.327272727272727,42.5,4.0,8.319354838709677,0.4544008483563097,0.44035361062186695
Western Australia Cricket Association Ground,0,0,20.0,0.5,3.1346153846153846,26.5,0.5,2.918181818181818,199.0,9.0,2.97950872656755,0.5338979860718991,0.7945811212668528
Western Australia Cricket Association Ground,0,1,20.2,0.8,3.314414414414414,41.0,1.2,4.398090321263903,144.0,6.2,4.572029915448349,0.3803569012100348,0.6109713454398347
"Westpac Park, Hamilton",0,1,15.0,1.0,2.3684210526315788,29.0,4.0,2.9,78.0,5.0,2.6,0.4918032786885246,0.7985611510791367
Westpac Stadium,0,1,14.5,1.0,2.3421052631578947,33.0,2.0,3.5892857142857144,230.0,4.5,6.525999284628455,0.44004400440044,0.5439148843773749
Westpac Stadium,1,0,56.5,1.0,9.162162162162161,74.5,3.0,8.083333333333332,53.0,2.0,10.25625,0.49731850081211115,0.3670082644628099
"Westpac Stadium, Wellington",0,1,12.0,3.0,1.945945945945946,39.0,2.0,4.178571428571429,117.0,5.0,4.0813953488372094,0.38095238095238093,0.7094339622641509
"Windsor Park, Roseau, Dominica",0,0,16.0,0.0,2.6666666666666665,22.0,1.0,2.444444444444444,112.0,9.0,2.24,0.4266666666666667,0.8153846153846154
Zahur Ahmed Chowdhury Stadium,0,0,28.0,0.0,4.54054054054054,51.0,1.0,5.368421052631579,164.0,9.0,2.919881305637982,0.49382716049382713,0.7447795823665894
"Zahur Ahmed Chowdhury Stadium, Chattogram",0,0,21.0,0.0,3.5,20.0,1.0,2.1818181818181817,363.0,9.0,3.0504201680672267,0.48514851485148514,0.7440993788819876
"Zahur Ahmed Chowdhury Stadium, Chattogram",0,1,29.0,1.0,4.702702702702703,56.0,0.0,6.1090909090909085,324.0,7.0,9.169811320754718,0.5378973105134475,0.375
"Zayed Cricket Stadium, Abu Dhabi",1,0,50.888888888888886,1.1111111111111112,8.104841683789052,65.55555555555556,3.2222222222222223,7.052588338371763,45.77777777777778,2.5555555555555554,8.665387269277211,0.44974584021631675,0.3748134882181309
Zhejiang University of Technology Cricket Field,1,0,42.0,1.5,6.8108108108108105,58.5,3.0,6.263322884012539,48.5,2.0,9.387096774193548,0.4121287128712871,0.48461091753774677
